id	name	nation	era	primaryRole
abdul-qadir	Abdul Qadir	Pakistan	legends	spinner
abdur-razzak	Abdur Razzak	Bangladesh	2000s	spinner
abrar-ahmed	Abrar Ahmed	Pakistan	2020s	spinner
ajaz-patel	Ajaz Patel	New Zealand	2020s	spinner
alan-hurst	Alan Hurst	Australia	1970s	fast-bowler
allan-donald	Allan Donald	South Africa	1990s	fast-bowler
alzarri-joseph	Alzarri Joseph	West Indies	2010s	fast-bowler
andrew-caddick	Andrew Caddick	England	1990s	fast-bowler
andrew-flintoff	Andrew Flintoff	England	legends	all-rounder
andy-roberts	Andy Roberts	West Indies	1970s	fast-bowler
angelo-mathews	Angelo Mathews	Sri Lanka	2010s	all-rounder
angus-fraser	Angus Fraser	England	1990s	fast-bowler
anil-kumble	Anil Kumble	India	legends	spinner
anrich-nortje	Anrich Nortje	South Africa	2020s	fast-bowler
ashley-giles	Ashley Giles	England	2000s	spinner
ashley-mallett	Ashley Mallett	Australia	1970s	spinner
asitha-fernando	Asitha Fernando	Sri Lanka	2020s	fast-bowler
axar-patel	Axar Patel	India	2020s	all-rounder
azhar-mahmood	Azhar Mahmood	Pakistan	1990s	all-rounder
beau-webster	Beau Webster	Australia	2020s	all-rounder
ben-stokes	Ben Stokes	England	2010s	all-rounder
bernard-julien	Bernard Julien	West Indies	1970s	all-rounder
bishan-bedi	Bishan Bedi	India	1970s	spinner
blessing-muzarabani	Blessing Muzarabani	Zimbabwe	2010s	fast-bowler
bob-willis	Bob Willis	England	1970s	fast-bowler
brett-lee	Brett Lee	Australia	2000s	fast-bowler
bruce-reid	Bruce Reid	Australia	1980s	fast-bowler
bruce-yardley	Bruce Yardley	Australia	1980s	spinner
bryan-strang	Bryan Strang	Zimbabwe	1990s	fast-bowler
bs-chandrasekhar	B.S. Chandrasekhar	India	1970s	spinner
cameron-green	Cameron Green	Australia	2020s	all-rounder
chaminda-vaas	Chaminda Vaas	Sri Lanka	1990s	fast-bowler
champaka -ramanayake 	Champaka  Ramanayake 	Sri Lanka	1990s	fast-bowler
chetan-sharma	Chetan Sharma	India	1980s	fast-bowler
chris-cairns	Chris Cairns	New Zealand	1990s	all-rounder
chris-martin	Chris Martin	New Zealand	2000s	fast-bowler
chris-old	Chris Old	England	1970s	fast-bowler
chris-woakes	Chris Woakes	England	2010s	fast-bowler
christopher-mpofu	Christopher Mpofu	Zimbabwe	2000s	fast-bowler
colin-croft	Colin Croft	West Indies	1970s	fast-bowler
colin-de-grandhomme	Colin de Grandhomme	New Zealand	2010s	all-rounder
courtney-walsh	Courtney Walsh	West Indies	1980s	fast-bowler
curtly-ambrose	Curtly Ambrose	West Indies	legends	fast-bowler
dale-steyn	Dale Steyn	South Africa	legends	fast-bowler
daniel-vettori	Daniel Vettori	New Zealand	legends	all-rounder
danish-kaneria	Danish Kaneria	Pakistan	2000s	spinner
danny-morrison	Danny Morrison	New Zealand	1980s	fast-bowler
darren-gough	Darren Gough	England	1990s	fast-bowler
dayle-hadlee	Dayle Hadlee	New Zealand	1970s	fast-bowler
dennis-lillee	Dennis Lillee	Australia	legends	fast-bowler
derek-underwood	Derek Underwood	England	1970s	spinner
devendra-bishoo	Devendra Bishoo	West Indies	2010s	spinner
dhammika-prasad	Dhammika Prasad	Sri Lanka	2010s	fast-bowler
dhananjaya-de-silva	Dhananjaya de Silva	Sri Lanka	2010s	all-rounder
dilhara-fernando	Dilhara Fernando	Sri Lanka	2000s	fast-bowler
dilruwan-perera	Dilruwan Perera	Sri Lanka	2010s	spinner
dion-nash	Dion Nash	New Zealand	1990s	fast-bowler
dipak-patel	Dipak Patel	New Zealand	1990s	spinner
dominic-cork	Dominic Cork	England	1990s	fast-bowler
donald-tiripano	Donald Tiripano	Zimbabwe	2010s	fast-bowler
dwayne-bravo	Dwayne Bravo	West Indies	2000s	all-rounder
ebadot-hossain	Ebadot Hossain	Bangladesh	2020s	fast-bowler
elton-chigumbura	Elton Chigumbura	Zimbabwe	2000s	all-rounder
erapalli-prasanna	Erapalli Prasanna	India	1970s	spinner
ewen-chatfield	Ewen Chatfield	New Zealand	1970s	fast-bowler
fanie-de-villiers	Fanie de Villiers	South Africa	1990s	fast-bowler
fidel-edwards	Fidel Edwards	West Indies	2000s	fast-bowler
garfield-sobers	Garfield Sobers	West Indies	legends	all-rounder
gary-gilmour	Gary Gilmour	Australia	1970s	fast-bowler
geoff-lawson	Geoff Lawson	Australia	1980s	fast-bowler
gladstone-small	Gladstone Small	England	1980s	fast-bowler
glenn-mcgrath	Glenn McGrath	Australia	legends	fast-bowler
graeme-cremer	Graeme Cremer	Zimbabwe	2000s	spinner
graeme-swann	Graeme Swann	England	2010s	spinner
greg-matthews	Greg Matthews	Australia	1980s	all-rounder
gus-atkinson	Gus Atkinson	England	2020s	fast-bowler
harbhajan-singh	Harbhajan Singh	India	2000s	spinner
hasan-Mahmud	Hasan Mahmud	Bangladesh	2020s	fast-bowler
heath-streak	Heath Streak	Zimbabwe	1990s	all-rounder
henry-olonga	Henry Olonga	Zimbabwe	1990s	fast-bowler
ian-bishop	Ian Bishop	West Indies	1990s	fast-bowler
ian-botham	Ian Botham	England	legends	all-rounder
imran-khan	Imran Khan	Pakistan	legends	all-rounder
imran-tahir	Imran Tahir	South Africa	2010s	spinner
intikhab-alam	Intikhab Alam	Pakistan	1970s	all-rounder
iqbal-qasim	Iqbal Qasim	Pakistan	1980s	spinner
irfan-pathan	Irfan Pathan	India	2000s	all-rounder
ish-sodhi	Ish Sodhi	New Zealand	2010s	spinner
ishant-sharma	Ishant Sharma	India	2000s	fast-bowler
jack-leach	Jack Leach	England	2020s	spinner
jacques-kallis	Jacques Kallis	South Africa	legends	all-rounder
james-anderson	James Anderson	England	2000s	fast-bowler
james-franklin	James Franklin	New Zealand	2000s	all-rounder
james-pattinson	James Pattinson	Australia	2010s	fast-bowler
jason-gillespie	Jason Gillespie	Australia	1990s	fast-bowler
jason-holder	Jason Holder	West Indies	2010s	all-rounder
jasprit-bumrah	Jasprit Bumrah	India	2020s	fast-bowler
javagal-srinath	Javagal Srinath	India	1990s	fast-bowler
jayden-seales	Jayden Seales	West Indies	2020s	fast-bowler
jeetan-patel	Jeetan Patel	New Zealand	2000s	spinner
jeff-thomson	Jeff Thomson	Australia	1970s	fast-bowler
jerome-taylor	Jerome Taylor	West Indies	2000s	fast-bowler
jim-laker	Jim Laker	England	legends	spinner
joel-garner	Joel Garner	West Indies	1970s	fast-bowler
jofra-archer	Jofra Archer	England	2020s	fast-bowler
john-emburey	John Emburey	England	1980s	spinner
john-snow	John Snow	England	1970s	fast-bowler
jomel-warrican	Jomel Warrican	West Indies	2010s	spinner
josh-hazlewood	Josh Hazlewood	Australia	2010s	fast-bowler
kagiso-rabada	Kagiso Rabada	South Africa	2010s	fast-bowler
kapil-dev	Kapil Dev	India	legends	all-rounder
karsan-ghavri	Karsan Ghavri	India	1970s	fast-bowler
kasun-rajitha	Kasun Rajitha	Sri Lanka	2020s	fast-bowler
kemar-roach	Kemar Roach	West Indies	2010s	fast-bowler
keshav-maharaj	Keshav Maharaj	South Africa	2010s	spinner
kuldeep-yadav	Kuldeep Yadav	India	2020s	spinner
kumar-dharmasena	Kumar Dharmasena	Sri Lanka	1990s	all-rounder
kurram-shahzad	Kurram Shahzad	Pakistan	2020s	fast-bowler
kyle-jamieson	Kyle Jamieson	New Zealand	2020s	fast-bowler
kyle-jarvis	Kyle Jarvis	Zimbabwe	2010s	fast-bowler
kyle-mills	Kyle Mills	New Zealand	2000s	fast-bowler
lahiru-kumara	Lahiru Kumara	Sri Lanka	2020s	fast-bowler
lance-klusener	Lance Klusener	South Africa	1990s	all-rounder
lasith-malinga	Lasith Malinga	Sri Lanka	2000s	fast-bowler
lungi-ngidi	Lungi Ngidi	South Africa	2020s	fast-bowler
madan-lal	Madan Lal	India	1970s	fast-bowler
mahmudullah	Mahmudullah	Bangladesh	2010s	all-rounder
makhaya-ntini	Makhaya Ntini	South Africa	2000s	fast-bowler
malcolm-marshall	Malcolm Marshall	West Indies	legends	fast-bowler
maninder-singh	Maninder Singh	India	1980s	spinner
manoj-prabhakar	Manoj Prabhakar	India	1980s	all-rounder
marco-jansen	Marco Jansen	South Africa	2020s	all-rounder
mark-wood	Mark Wood	England	2010s	fast-bowler
martin-snedden	Martin Snedden	New Zealand	1980s	fast-bowler
mashrafe-mortaza	Mashrafe Mortaza	Bangladesh	2000s	fast-bowler
matt-henry	Matt Henry	New Zealand	2010s	fast-bowler
matthew-hoggard	Matthew Hoggard	England	2000s	fast-bowler
matthew-kuhnemann	Matthew Kuhnemann	Australia	2020s	spinner
max-walker	Max Walker	Australia	1970s	all-rounder
mehidy-hasan	Mehidy Hasan	Bangladesh	2010s	spinner
merv-hughes	Merv Hughes	Australia	1980s	fast-bowler
mervyn-dillon	Mervyn Dillon	West Indies	2000s	fast-bowler
michael-holding	Michael Holding	West Indies	1970s	fast-bowler
mike-hendrick	Mike Hendrick	England	1970s	fast-bowler
mitchell-santner	Mitchell Santner	New Zealand	2010s	spinner
mitchell-starc	Mitchell Starc	Australia	2010s	fast-bowler
moeen-ali	Moeen Ali	England	2010s	all-rounder
mohammad-abbas 	Mohammad  Abbas 	Pakistan	2020s	fast-bowler
mohammad-amir	Mohammad AMir	Pakistan	2010s	fast-bowler
mohammad-asif	Mohammad Asif	Pakistan	2000s	fast-bowler
mohammad-hafeez	Mohammad Hafeez	Pakistan	2010s	all-rounder
mohammad-rafique	Mohammad Rafique	Bangladesh	2000s	spinner
mohammed-shami	Mohammed Shami	India	2010s	fast-bowler
mohammed-siraj	Mohammed Siraj	India	2020s	fast-bowler
monty-panesar	Monty Panesar	England	2000s	spinner
morne-morkel	Morne Morkel	South Africa	2000s	fast-bowler
mpumelelo-mbangwa	Mpumelelo Mbangwa	Zimbabwe	1990s	fast-bowler
mushtaq-ahmed	Mushtaq Ahmed	Pakistan	1990s	spinner
mushtaq-mohammad	Mushtaq Mohammad	Pakistan	1970s	all-rounder
mustafizur-rahman	Mustafizur Rahman	Bangladesh	2010s	fast-bowler
muttiah-muralitharan	Muttiah Muralitharan	Sri Lanka	legends	spinner
naseem-shah	Naseem Shah	Pakistan	2020s	fast-bowler
nathan-hauritz	Nathan Hauritz	Australia	2010s	spinner
nathan-lyon	Nathan Lyon	Australia	2010s	spinner
nauman-ali	Nauman Ali	Pakistan	2020s	spinner
nayeem-hasan	Nayeem Hasan	Bangladesh	2020s	spinner
neil-foster	Neil Foster	England	1980s	fast-bowler
neil-wagner	Neil Wagner	New Zealand	2010s	fast-bowler
nicky-boje	Nicky Boje	South Africa	2000s	spinner
nuwan-pradeep	Nuwan Pradeep	Sri Lanka	2010s	fast-bowler
ollie-robinson	Ollie Robinson	England	2020s	fast-bowler
pat-cummins	Pat Cummins	Australia	2010s	fast-bowler
paul-adams	Paul Adams	South Africa	1990s	spinner
paul-strang	Paul Strang	Zimbabwe	1990s	all-rounder
peter-siddle	Peter Siddle	Australia	2010s	fast-bowler
phil-edmonds	Phil Edmonds	England	1980s	spinner
phil-tufnell	Phil Tufnell	England	1990s	spinner
prabath-jayasuriya	Prabath Jayasuriya	Sri Lanka	2020s	spinner
pramoda-wickramasinghe 	Pramoda Wickramasinghe 	Sri Lanka	1990s	fast-bowler
prosper-utseya	Prosper Utseya	Zimbabwe	2000s	spinner
rahkeem-cornwall	Rahkeem Cornwall	West Indies	2020s	spinner
rajesh-chauhan	Rajesh Chauhan	India	1990s	spinner
ramesh-mendis	Ramesh Mendis	Sri Lanka	2020s	spinner
rangana-herath	Rangana Herath	Sri Lanka	2000s	spinner
ravi-shastri	Ravi Shastri	India	1980s	all-rounder
ravichandran-ashwin	Ravichandran Ashwin	India	2010s	all-rounder
ravindra-jadeja	Ravindra Jadeja	India	2010s	all-rounder
ray-price	Ray Price	Zimbabwe	2000s	spinner
richard-collinge	Richard Collinge	New Zealand	1970s	fast-bowler
richard-hadlee	Richard Hadlee	New Zealand	legends	all-rounder
richard-ngarava	Richard Ngarava	Zimbabwe	2020s	fast-bowler
roston-chase	Roston Chase	West Indies	2010s	all-rounder
rubel-hossain	Rubel Hossain	Bangladesh	2000s	fast-bowler
s-sreesanth	S Sreesanth	India	2000s	fast-bowler
saeed-ajmal	Saeed Ajmal	Pakistan	2010s	spinner
sajid-khan	Sajid Khan	Pakistan	2020s	spinner
saleem-altaf	Saleem Altaf	Pakistan	1970s	fast-bowler
saqlain-mushtaq	Saqlain Mushtaq	Pakistan	1990s	spinner
sarfraz-nawaz	Sarfraz Nawaz	Pakistan	1970s	fast-bowler
scott-boland	Scott Boland	Australia	2020s	fast-bowler
sean-williams	Sean Williams	Zimbabwe	2010s	all-rounder
shahadat-hossain	Shahadat Hossain	Bangladesh	2000s	fast-bowler
shaheen-shah-afridi	Shaheen Shah Afridi	Pakistan	2020s	fast-bowler
shakib-al-hasan	Shakib Al Hasan	Bangladesh	legends	all-rounder
shane-bond	Shane Bond	New Zealand	2000s	fast-bowler
shane-warne	Shane Warne	Australia	legends	spinner
shannon-gabriel	Shannon Gabriel	West Indies	2010s	fast-bowler
shaun-pollock	Shaun Pollock	South Africa	1990s	fast-bowler
shoaib-akhtar	Shoaib Akhtar	Pakistan	2000s	fast-bowler
shoaib-bashir	Shoaib Bashir	England	2020s	spinner
shoaib-malik	Shoaib Malik	Pakistan	2000s	all-rounder
shoriful-islam	Shoriful Islam	Bangladesh	2020s	fast-bowler
sikandar-raza	Sikandar Raza	Zimbabwe	2010s	all-rounder
sikander-bakht	Sikander Bakht	Pakistan	1970s	fast-bowler
simon-doull	Simon Doull	New Zealand	1990s	fast-bowler
simon-harmer	Simon Harmer	South Africa	2020s	spinner
srinivas-venkataraghavan	Srinivas Venkataraghavan	India	1970s	spinner
stephen-boock	Stephen Boock	New Zealand	1980s	spinner
steve-harmison	Steve Harmison	England	2000s	fast-bowler
stuart-broad	Stuart Broad	England	2010s	fast-bowler
stuart-clarke	Stuart Clarke	Australia	2000s	fast-bowler
stuart-macgill	Stuart MacGill	Australia	2000s	spinner
sulieman-benn	Sulieman Benn	West Indies	2000s	spinner
suranga-lakmal	Suranga Lakmal	Sri Lanka	2010s	fast-bowler
sydney-barnes	Sydney Barnes	England	legends	fast-bowler
syed-rasel	Syed Rasel	Bangladesh	2000s	fast-bowler
taijul-islam	Taijul Islam	Bangladesh	2010s	spinner
taskin-ahmed	Taskin Ahmed	Bangladesh	2010s	fast-bowler
tendai-chatara	Tendai Chatara	Zimbabwe	2010s	fast-bowler
terry-alderman	Terry Alderman	Australia	1980s	fast-bowler
tim-southee	Tim Southee	New Zealand	2010s	fast-bowler
tony-greig	Tony Greig	England	1970s	all-rounder
trent-boult	Trent Boult	New Zealand	2010s	fast-bowler
umar-gul	Umar Gul	Pakistan	2000s	fast-bowler
umesh-yadav	Umesh Yadav	India	2010s	fast-bowler
venkatesh-prasad	Venkatesh Prasad	India	1990s	fast-bowler
vernon-philander	Vernon Philander	South Africa	2010s	fast-bowler
victor-nyauchi	Victor Nyauchi	Zimbabwe	2020s	fast-bowler
vishwa-fernando	Vishwa Fernando	Sri Lanka	2010s	fast-bowler
wahab-riaz	Wahab Riaz	Pakistan	2010s	fast-bowler
waqar-younis	Waqar Younis	Pakistan	legends	fast-bowler
washington-sundar 	Washington Sundar 	India	2020s	all-rounder
wasim-akram	Wasim Akram	Pakistan	legends	fast-bowler
wellington-masakadza	Wellington Masakadza	Zimbabwe	2020s	spinner
wiaan-mulder	Wiaan Mulder	South Africa	2020s	all-rounder
will-o'rourke	Will O'Rourke	New Zealand	2020s	fast-bowler
yasir-shah	Yasir Shah	Pakistan	2010s	spinner
zaheer-khan	Zaheer Khan	India	2000s	fast-bowler
